date,09:30,10:00,10:30,11:00,11:30,12:00,12:30,13:00,13:30,14:00,14:30,15:00,15:30
2024-05-17,6500391,4722342,4134400,3585024,3173461,2582730,2813488,2228726,2390338,3586709,3113879,3661573,4625276
2024-05-20,6335783,4091026,2882246,3415911,2578857,2238674,1996009,2380016,2006450,2235348,1978000,1974807,3321495
2024-05-21,5307177,3338841,2997056,2253533,2351042,2350047,1880971,1593066,1888775,1826071,1892709,2313793,3347296
2024-05-22,5068519,3512762,2787052,2515041,2371346,1984010,1922355,1689603,2613714,3354306,2711691,3169351,4181789
2024-05-23,8265231,5398001,4467881,3308805,2750224,2161936,2346526,2439626,3946536,4441241,3574287,3193088,3861092
2024-05-24,5746237,4492936,3687250,3758908,2974442,2288186,2530495,1998822,1790456,2298353,2066395,2832973,3513146
2024-05-28,6523417,3906208,3027238,2580788,2207952,2283589,1867775,2106654,2281431,2172197,2911321,2085401,2912370
2024-05-29,7069008,4125030,3288414,2640039,2509373,2348594,2454191,2037207,1901804,1839070,2167751,2581197,3535126
2024-05-30,6121978,4457405,3842137,3008120,2532802,2318209,1856610,2068311,2246513,2300872,2176192,3617591,5060992
2024-05-31,6803423,5676251,4986765,3462945,3161746,3965358,2894023,3042415,2382777,2053910,3278170,3555485,7245045
2024-06-03,7909077,4430832,4132401,2989654,2164054,3254514,2505474,2715583,2197008,1936688,1962022,1959447,3253360
2024-06-04,5247399,4400157,3301071,2573898,2152839,2369197,2336148,1944839,1988709,3032506,2459878,2742826,3108976
2024-06-05,6269265,4481780,3917973,3657406,2808757,2376710,2400490,2456507,2188255,2144819,2505098,2803426,3973665
2024-06-06,7434364,3984727,3080502,2651675,2509063,2405001,2621154,2641545,2584527,3053462,2964285,3304931,4219822
2024-06-07,6817821,4232769,4441498,3387168,2518826,2382305,2833225,2637598,2413864,4106318,2313645,3068601,4305440
2024-06-10,5987997,3694592,3145808,3112181,2896785,2033627,1897763,2088263,2444264,2400743,2411982,3579919,4143280
2024-06-11,6194099,4276037,3751633,2749694,3160984,2290147,1922062,2228001,2209258,2787227,2716663,2593987,3814451
2024-06-12,10213011,6110888,5218993,3649867,2771592,2535411,2057320,2153985,2483999,3162344,3545259,4745132,6105565
2024-06-13,8266802,6092561,4183244,3305902,2902995,3327926,2583033,2384714,2145736,2993515,2591020,3998722,4973968
2024-06-14,7339302,6712707,5109750,3388918,4595581,3158906,2708302,2875455,2642196,2575972,3029476,3432357,4696286
2024-06-17,6948752,4878361,3759820,3774676,2678611,3210249,3450783,2962224,3780939,4063759,2548285,3155472,4641921
2024-06-18,6925193,4389711,3916035,3503337,2924706,2784686,2387400,2564435,2683022,2729542,2255812,2469488,3771349
2024-06-20,9150683,6913305,4337768,3775562,3171993,3827541,4566812,3579077,3829536,3234020,3476349,4185837,4830071
2024-06-21,8844911,5078309,4049089,3694070,3624110,2833693,2884657,2977698,2949039,2884108,2641915,3090153,5365889
2024-06-24,7422206,5640002,4966959,3482272,2506066,2028205,2316277,2717998,2255592,2518858,2616550,2442784,3720133
2024-06-25,6055344,4263533,3050562,3425062,2813662,2393913,2530393,2317521,1806494,1985057,2115930,2226210,3295988
2024-06-26,6597706,4866772,3802577,3706635,3130202,2345863,2305371,2180010,1961170,2019214,2268940,2426661,3905294
2024-06-27,7359591,4566455,3783296,3055107,2762476,2582599,2118081,2109671,1869386,2641922,2399244,2785011,3792090
2024-06-28,7901058,7009127,4883243,4460588,3006977,3576133,3763419,2943309,2396534,2589250,2430553,2834368,6485702
2024-07-01,7605786,5696722,4205846,3001508,2443407,2490415,1981130,2008602,1741994,2495153,1950537,2638451,3095638
2024-07-02,6603825,4849442,3891094,3016379,2741117,2137731,1646664,2398352,2516642,2308704,2489426,2135788,3624158
2024-07-03,6896416,5627036,4853043,4069847,3465868,4057671,4743728,425756,1870,0,0,0,0
2024-07-05,8428205,5764191,4109921,3571827,3230400,3025201,2550927,2253020,2684570,2442557,2231445,2663257,4257936
2024-07-08,7875326,4841577,3673617,3434305,2952571,2612889,1929026,1852182,2045040,1851817,2096600,2069051,3171996
2024-07-09,6275893,5138920,3890901,2953073,2408378,2706171,3011132,3011114,1812908,2011400,2369707,2384337,2873913
2024-07-10,6553450,4963533,3662085,3118117,2721750,3231418,3094795,2736188,2627119,2309036,2492994,2489612,4437739
2024-07-11,9148052,8945881,5552515,5423655,5529054,4534373,3617429,2636974,2767010,2869578,3208588,3180619,4506488
2024-07-12,9112420,6376294,5836574,3956448,3535402,3590307,2875458,2902284,4025978,3325251,2788835,3196243,5961209
2024-07-15,8478152,4867400,4695913,4592687,3842514,3969048,2786394,2839700,2832420,2673003,2335281,2499625,4220766
2024-07-16,7702487,6584419,4520930,4239688,3337374,3351890,2719164,2618131,3102344,2777087,3386672,3065463,4474238
2024-07-17,10141089,7809725,5264552,4246728,4134225,3725482,4237526,2909882,2871779,2832196,2634622,3034758,4357519
2024-07-18,7580015,5509679,6826026,5835436,5168880,3646464,3419855,2902273,2509317,3330110,4143864,4797162,5243751
2024-07-19,6956433,5055894,4427011,4026693,4129985,3068819,3239490,3491678,3008465,2735442,3043822,3527971,5084648
2024-07-22,7878979,4933595,3942134,3456934,2662817,2227200,2277961,2194409,2239997,2256945,2308516,2458538,3381103
2024-07-23,5580206,4698420,3684957,3264211,2264318,2371359,2097930,1878829,1737823,2202989,1729212,2156913,3747582
2024-07-24,9197671,5799493,4475514,3969357,3339652,3710494,3211644,2825982,2311252,3119800,4073845,3629512,5607773
2024-07-25,8520076,8496619,5825477,4731318,3037630,3695064,3268628,3366275,2489784,3169492,3384387,3619042,4448648
2024-07-26,7295537,5352921,4303572,3487478,3259025,3445932,2741387,2202973,3364988,2287765,2402144,3031759,4243738
2024-07-29,6054598,4363706,3611850,3561438,2976930,2613144,2182091,1948210,1682373,1741125,1798013,2011457,2954691
2024-07-30,5840146,4441162,3766607,4762136,3593764,2947502,3216065,3319679,2476341,2414089,2111736,2296729,3970730
2024-07-31,8251499,5426134,4033440,2660268,2639864,2202396,1998805,2060765,2582739,2151359,4367074,4921817,5920402
2024-08-01,7609121,6407609,5993352,5202417,4452026,3478868,3521881,3983887,4366464,3452764,3968185,3982294,5533851
2024-08-02,11872746,10070439,6815739,5700851,5766219,4303295,3805462,2757515,3176063,3567364,3315598,3432320,5203903
2024-08-05,10064381,6100913,4836726,4722390,3901732,3428241,3203552,1520492,654225,467329,404828,510365,576262
2024-08-06,6520396,4900866,4482421,3294276,2963801,2755314,2756454,2331116,2294265,2506924,2776270,3832702,4194800
2024-08-07,7302410,5574894,3751334,3477586,3384455,3095903,2767296,3687772,3093424,4075695,3307052,3114023,4321805
2024-08-08,6792567,4966005,4254648,3486395,2687012,2745622,2843530,2541436,2846224,3542448,2790960,5048188,4143893
2024-08-09,6161236,4736800,3668156,3048070,2726959,2367534,2167862,3204843,2899947,2390715,2373642,2795833,3877577
2024-08-12,6104864,5053216,3357276,3974981,2644271,1958017,1993403,2195296,2210287,2007097,1944162,2191346,3270003
2024-08-13,7005272,4420147,3983136,3001375,2475565,2504585,2753198,2776988,2753259,2381644,2522739,2717351,4101650
2024-08-14,6855584,4485035,4019219,3003851,3407462,3386654,2801998,1993105,1903609,1904730,2053126,2601557,3512026
2024-08-15,9585483,6423807,5109838,4108914,3585267,3054672,2918303,2262087,2979291,2697219,3542902,3729669,6077766
2024-08-16,7433409,5667125,4846635,3150609,3114814,2906609,2869623,2800534,2539748,2517651,2862984,3345116,4808117
2024-08-19,6588285,4883101,3682836,3165590,3147831,2332994,2178516,1845223,2040327,2340779,2784497,2258435,3807710
2024-08-20,6631701,5836062,4654988,2797882,2817735,2319352,1906592,2011153,1542949,2124066,1913365,1986069,2991822
2024-08-21,5267549,4393842,4739529,2538955,2517179,2223102,1608383,1416673,1766483,2527370,2767303,2742868,3358824
2024-08-22,6522632,4821116,3510691,3372123,4668171,2872671,2622305,2177767,3366643,2541045,1872635,3294842,4387729
2024-08-23,5759075,7927500,6319480,3983142,3545506,3129765,3036248,2091454,2373320,2332403,2611757,3313365,4448471
2024-08-26,6333360,4882419,4399787,2655145,2351538,1856519,1734685,1659337,2299866,1927495,1802589,1713691,2659734
2024-08-27,5532172,3921015,2870755,2697081,2254975,1668095,1831143,1469671,1719719,1546622,1527368,1832179,2700010
2024-08-28,5164584,3562119,3492359,4212854,2462458,2421404,1876069,1716101,2248440,2510808,2576651,2919084,3842529
2024-08-29,8468222,5441110,3878825,3142795,2284100,2461753,2099985,1880903,2144923,2868344,4596985,3629328,3656441
2024-08-30,6568175,5125479,3884400,3766759,2989107,2659132,3098749,2237372,2079412,2137641,2753643,2846048,5513849
2024-09-03,7485676,5756979,5045852,3624602,2669499,2417703,2228250,2376450,2377604,3457527,2810473,2840261,6094011
2024-09-04,6735276,4875350,4691237,3210403,2588341,1944242,1970874,1694356,2075044,2055964,2577911,2859546,3568947
2024-09-05,6116157,5406340,3978940,4305534,3872404,2962972,1974064,1777686,2372342,2135893,2284617,3194173,4142770
2024-09-06,7558355,5569373,6462395,5225645,4027206,3779889,3308785,3437726,2500770,2560063,2724232,3373372,4800085
2024-09-09,6172456,4225512,3785510,2811554,2660079,2230648,2469301,1897740,2145111,1982570,2269330,2167260,3087472
2024-09-10,5597060,5063856,2967029,2525957,3064943,3427967,2021622,2150747,1996153,2306607,2206549,2361523,3564851
2024-09-11,6535825,5311494,4347157,3342512,3600234,3548314,2504068,3322965,3357761,2914257,3562573,3132194,4835895
2024-09-12,7494548,5540815,4604149,3354492,2974145,2309217,2634943,2922598,3490993,3930311,3625377,2941437,4590659
2024-09-13,7746717,5807541,5023262,3433813,3299566,3409122,2643039,2546692,2588707,3407718,2953996,3768203,5099132
2024-09-16,6866896,4363097,3490567,2983358,2391113,2284234,2020987,1859548,2053190,1836087,2205140,2225341,3022834
2024-09-17,6638305,4595530,3924594,3030988,2439889,3215384,3468211,2383625,2428685,1879756,2091085,2279081,3201225
2024-09-18,4576188,3140836,2529913,2321232,2162520,1753175,1654810,1523500,2024166,5941496,5041024,4830465,4758398
2024-09-19,9963398,6072290,4839571,3977456,3391009,2938829,2592570,2464260,2645615,3202078,3219406,3671503,5487567
2024-09-20,7264989,5306442,4312440,4761699,3499244,3087254,3004333,2730292,2492992,3476380,2988324,3565182,5637792
2024-09-23,6212520,4934216,4032966,3005106,2507664,2541374,2107384,1905896,1796528,1923608,1627700,1865623,3101590
2024-09-24,6138516,5514000,4152328,3384108,4099444,3543738,2560154,2060552,2052280,2227276,2389729,2559520,3656586
2024-09-25,6886235,5123390,3436154,2641755,2893186,2449840,2301895,2336741,2751482,2285307,1674074,2358313,3169117
2024-09-26,9419148,6441943,5806366,4468714,3270784,3060433,3339916,3063670,2387538,2726188,2797340,2959690,3860224
2024-09-27,7164983,6103175,4655032,4385884,3626859,3465073,2486955,2778988,2894574,2689267,3866322,2897559,4386195
2024-09-30,6957657,4646468,3616017,2865726,2770214,2266281,1678616,2035008,2422788,3695791,2980714,2806612,5094325
2024-10-01,7704684,6724218,4643591,4369551,3236380,3776269,3172541,2757629,3055000,3016753,2573397,2494440,3849245
2024-10-02,7707373,5600988,4069453,4088993,2877866,2797691,2544834,2045175,2096085,2368303,1839175,2335544,3883584
2024-10-03,7062703,6605480,4270131,3054258,2489998,2248265,3062060,2933577,2059702,2023651,1976226,2726720,4158187
2024-10-04,9569790,6024163,4219404,4234202,3538103,2768851,3162236,2437353,2878324,2414155,3018983,3323489,6085601
2024-10-07,6887771,4349215,4579000,3602522,2780333,2724508,2246958,2078856,2828938,2770801,5816000,3293883,5341966
2024-10-08,7155386,4979777,4802840,3790537,2548662,2284367,1981282,2721746,1806221,2081460,2658803,2485002,3962084
2024-10-09,6269189,4806761,3658910,3783651,3479365,3238690,2406881,1970522,2130767,2332961,2321157,2926533,4964406
2024-10-10,7246122,4747176,3710515,3261182,2687739,2926342,2811463,2456400,2307974,2389443,2398655,2749407,4760688
2024-10-11,7808624,6713755,4751872,3607877,3232506,2979090,2949767,2423045,2898831,3099796,2691262,3345803,4886322
2024-10-14,7750606,4996505,3977233,3409793,2640183,2468229,2259508,1982197,1708996,1857857,2207696,2354501,3736736
2024-10-15,7604697,6246840,6934920,4500265,3339336,2917705,2495735,2664441,2358424,2423747,2431104,3495930,4334742
2024-10-16,6804570,5394310,4670079,2977792,2843812,2402018,2215059,2422587,2194319,2823334,2480221,2520792,3904601
2024-10-17,8818555,5860632,3636669,3460881,2898418,2456973,2127251,2128163,2161876,3433920,2578318,2928641,4507716
2024-10-18,6942537,5104895,4248752,3660680,3307115,2704020,3082645,2601000,2758429,2970234,2847229,3387376,4772132
2024-10-21,6624394,5017842,4655294,4121840,3214444,2050282,1709739,1882537,2101691,2105754,1817066,2352054,3345447
2024-10-22,6491045,4570182,3369947,2744959,2316301,2505558,2753249,2051660,2745824,2428478,1923624,2044542,3317772
2024-10-23,5828909,5169290,3597073,3996857,3240903,2760695,2970450,3935438,3329118,4056258,3038858,2515472,3608665
2024-10-24,7050543,4808743,3598246,3167265,3280272,3036907,2759884,3016094,2144565,2244385,1916288,2586179,4741368
2024-10-25,8242875,6356098,4711296,3876284,3564830,2947075,2248493,3315673,4054921,3808358,2580307,2879587,4235117
2024-10-28,6474280,4389765,3567741,3432764,2842193,2315556,2150997,2089917,1845828,1973437,2360732,2438654,3603605
2024-10-29,6696668,4932764,3400383,3053642,2760454,2510186,2260944,2486235,2172551,1986501,2686848,2649848,3862947
2024-10-30,8032632,5144471,3841985,3414696,2638779,2514973,2092709,2415550,3158969,2488629,2368305,3210493,4975086
2024-10-31,9582513,7153136,5642919,4566593,3425392,2993406,2204591,2364470,3030195,3001717,3360804,3895648,6627888
2024-11-01,7283872,6087912,5238015,3575742,3220418,2417372,3082467,2664932,2966955,3082592,2577991,3436864,4753968
2024-11-04,7375392,4598778,3653516,3575770,3845123,3123004,2322496,2423526,1782091,1800006,1965864,2122984,3486116
2024-11-05,6699770,4720260,3975579,3326750,3105783,2687795,2380669,2261266,2468992,2425841,2653205,3387837,4238090
2024-11-06,13688168,7736708,6237982,4919566,3495811,3838982,3356289,3681063,3431806,3630751,3302947,3737014,5201645
2024-11-07,9334515,6798601,5429670,3897322,3334200,3011906,2786924,2872816,3224291,3232896,4659038,6113626,7431953
2024-11-08,9275828,7355434,5715679,4431385,4197876,3244697,3126114,2769653,3909094,3256509,3868048,4035344,5228604
2024-11-11,10279263,6627958,5592563,4049542,3472700,3134505,2897868,3489510,3036561,2409759,2445816,3115906,4313699
2024-11-12,7918983,5670447,4612728,4610174,3978737,3449690,3831138,3819946,2929036,2698664,2655655,2956207,4213024
2024-11-13,8133881,6044649,4784981,3993503,4148742,3297057,3011139,2681546,2823956,3247632,3555218,3548955,4560540
2024-11-14,8555586,5796830,4564930,3354858,3298686,3405027,4007722,2682768,2916585,2790209,3179122,6090551,7012268
2024-11-15,10561031,7294897,6393165,4793641,4996412,4079122,3753722,3307860,3838804,3589018,4545859,4517657,5714732
2024-11-18,8032312,5442567,4693950,3705762,3481007,2534328,2212223,2157896,2559594,2511888,2271647,2441032,3524623
2024-11-19,7188636,4363642,4615122,3401631,3062858,2726754,2515140,2575963,3218925,2513664,2662451,2535446,3926024
2024-11-20,7407256,5825413,3821016,3218002,3100418,2576343,2166751,2127211,2182271,2150275,2346720,2512769,4873908
2024-11-21,9917924,7172032,5510841,4167685,3997857,3132879,3481523,2904382,3244174,2915776,3003075,3533937,4474173
2024-11-22,8641913,6531941,5609370,4712075,4159376,3486668,3279106,3093089,2927560,3360116,2994243,3870057,5121259
2024-11-25,11788412,6942426,5232408,4117151,3401423,3564814,3338605,2324158,2277444,2382871,2172042,2725707,3985486
2024-11-26,8005943,5261260,3955904,3266688,2788404,2282650,2519278,2255530,2211788,3253796,2990607,2882829,4093051
2024-11-27,7128092,5807613,4888395,3624464,3118827,3100354,2094297,2681634,2242302,2133215,2515686,2794139,3482380
2024-11-29,7653766,6224261,4186639,3961711,3576284,7304626,5418626,417805,0,0,0,0,0
2024-12-02,8574442,5340933,4533055,3762323,3256964,3046382,2370236,2181834,1977502,2306702,2380704,2475757,3527315
2024-12-03,6273274,4898486,4227661,3617158,2969814,2044404,2275577,2221126,2049570,2003140,2244399,2413890,3203379
2024-12-04,7472138,5464655,4567096,3471790,3015578,3194304,2357442,2192545,2602980,2922315,2971205,3018223,4356353
2024-12-05,7835897,5770782,4261927,3255563,2935219,3285023,2502476,3220631,2827329,2864521,3339330,3662354,4666752
2024-12-06,8814199,5939128,4501830,4713012,3695647,3347799,3183582,3060764,2589001,2747186,2780924,3777565,5268014
2024-12-09,9503163,7332377,6363250,5706534,3245142,2628180,2669214,2363841,2412426,2617488,2691265,2930705,4033856
2024-12-10,8009072,4887967,4030168,3629277,3574197,2834842,2526969,2622787,2055841,2449471,2924456,3600019,4402332
2024-12-11,8756147,5707634,4141741,3789442,3335044,3038411,2586429,2754290,2968486,2633232,3052201,3473670,4837196
2024-12-12,7262532,5827179,4192376,3155632,3126770,2921145,2253675,2388856,2214235,2921600,2781578,3655881,4534371
2024-12-13,8911650,6659962,6193762,5255446,3741253,3197382,3036560,2833560,2701535,3106072,3069797,3732307,5097758
2024-12-16,8862083,6148118,4672397,3745686,3031271,2809804,2830744,3020170,2567195,3133584,2813797,7976631,5660362
2024-12-17,8492605,6477379,4317309,3903736,3647666,3054063,2173067,2193264,2131712,2211329,2537261,3100904,4335688
2024-12-18,7062840,4298434,3875951,4069441,2739847,2388295,2176155,2140969,2257022,6484593,6486926,8896026,12060153
2024-12-19,9686489,7220204,5935459,4625810,4139620,3530351,3899094,3288678,3544778,2819406,3688932,4201996,7249677
2024-12-20,9275126,7180428,6360177,5404655,5499388,3889100,3799370,3900188,3244490,3302058,3861246,3515022,8793781
2024-12-23,7801436,5873844,3889307,3002093,3151262,2750677,2163972,2206975,2261097,2517429,2658101,2860044,3476007
2024-12-24,7332096,4864288,4069979,3335808,3241918,3418721,3962822,469304,0,0,0,0,0
2024-12-26,6620887,4229067,3622930,2957851,2689221,2516746,2641052,2599599,2024209,1817416,2735792,2422648,3827819
2024-12-27,8177716,8063029,5145733,3541537,3637263,3230923,2517065,2209185,2384181,2428015,2506568,3112216,4372050
2024-12-30,7898507,5271501,4160363,2970202,3049636,2751739,3171006,2355670,1990090,2462656,1873562,2218217,3697975
2024-12-31,5211594,4332675,2922543,3451076,3011604,2540277,2985708,2223802,1888631,2466054,2434267,2576548,3372548
2025-01-02,8144252,5800743,4106772,3493221,2874647,2886188,4259616,2865172,2665747,2662742,3140622,2923747,4107756
2025-01-03,8603641,6383146,4552167,4189827,3987972,3303080,2657419,2852032,3561626,3076727,3180555,3352749,4755981
2025-01-06,11728231,7171264,5588803,4286431,3449456,3255749,3154020,3041246,3142777,3219266,2835826,3127921,3923429
2025-01-07,7992544,8267471,7113576,4293206,3126937,2793356,2605476,2510190,2185367,2167512,2554161,4495909,5538025
2025-01-08,8238106,6585803,4036418,3200224,3112190,3747876,3289861,3230168,2652618,3533647,2651841,3909162,4829683
2025-01-10,10296721,8393275,6224766,5220447,4255735,3801875,3309601,3730361,3326613,3403064,2868566,3979986,5115260
2025-01-13,9289283,5899974,5212563,3430469,3577209,3418856,2535708,2478316,2526009,2543991,2932023,2893954,3768801
2025-01-14,7929330,5277424,4641198,4198535,3443034,2617781,2533145,2342148,3318303,2485563,3147923,3831704,4055914
2025-01-15,9920425,6859447,5019222,3811033,3719401,3062224,2708616,2524987,3278513,3018962,3368100,3820073,4799368
2025-01-16,7468729,5289811,4129882,4667396,3838380,2591282,2496715,2418848,3454244,4828197,4135181,3701774,5536069
2025-01-17,10670505,7480618,5442959,5132842,4238084,3540534,3658105,3530005,3811191,3602635,3508508,4301481,5979257
2025-01-21,9734833,6459854,4649585,3702323,3637876,2858407,3488909,3514883,2723041,2733840,2470882,2796880,4211817
2025-01-22,9349296,6430486,4754819,3960061,3440035,2927190,2336885,2716898,2835911,2897779,2519618,2374505,4109367
2025-01-23,7128436,4741220,4253169,4103146,3322750,2485643,2563967,2565325,2306491,2793576,2317303,3459959,4962063
2025-01-24,8284290,6182421,4618859,4128115,4128696,3297120,3558638,3424851,3493223,3607801,2615217,3227087,4864161
2025-01-27,11013168,7172902,5296154,5026802,5050358,3670881,3248126,3182396,3006913,3455148,3767389,3705150,4479139
2025-01-28,6921029,5889107,4460484,4070468,3283460,3819760,2551633,2609770,2282907,2454809,3206541,3053212,4416247
2025-01-29,6211526,4444486,3500270,2728100,2452785,2124486,2017760,3482073,2362754,3322787,4039517,3447077,4876386
2025-01-30,9236329,7602453,5771952,4661062,3814472,3159009,2841657,2693255,2972524,3122580,3116603,4012746,6344933
2025-01-31,8772306,7208370,5697957,4707095,4001549,4439723,3098104,4200723,5253846,4663128,5169380,5033390,6803821
2025-02-03,10676344,8237696,5959013,3949063,3160101,2730406,2944625,2147192,2269396,3272286,2515079,2722359,3666678
2025-02-04,7375534,6052048,4356554,3685854,3170468,3548484,2499172,2362502,2018883,2515699,2732407,2748869,4230343
2025-02-05,8030813,6530789,4193248,3789603,4218401,3311123,2495235,2504537,2654839,2492510,2428719,3029112,4604482
2025-02-06,8191470,5808130,4886977,3279300,3259700,2792411,2221345,2322030,2385373,2659226,3915522,2987588,5934122
2025-02-07,9694616,8744511,6214507,5387263,4604952,4140389,2921401,3072962,3320376,3209163,2953172,4040758,5582438
2025-02-10,8428979,5752910,4278961,3901427,3089643,3024747,2627149,2130007,1994147,2225835,2251214,2574355,3724262
2025-02-11,6269537,4816757,3983158,3395548,3245700,4067828,2174433,2377488,2668412,2080548,2597569,2612295,4253412
2025-02-12,8980641,6430040,4176863,4004309,3430489,3579571,2916832,2412182,2288103,2342135,2618965,2676738,4219051
2025-02-13,8576974,6835846,5632844,4007020,3598965,2885841,2652263,2777680,3226428,3802404,4188730,4479803,5663522
2025-02-14,10626135,7604232,5423757,5122423,3928838,3497409,3345667,3246816,3487165,3102680,3311625,4037642,6386489
2025-02-18,10132130,6570516,4792948,4105182,3604764,2973758,2517200,2877059,2677999,3540742,2575370,2837848,4792885
2025-02-19,7404953,5591920,4376968,3824210,3300530,2843405,2714643,2754378,2525151,3491617,2647972,3821410,5188279
2025-02-20,10678009,8344272,5256167,4151862,3433662,3562421,2875372,2925840,2627654,2887315,3535992,4268400,5516264
2025-02-21,9091579,7655825,6664994,4975400,4193781,4637599,5683432,7275166,5193036,6112351,6168514,4911159,6987734
2025-02-24,9924621,8380649,5454295,5055903,3667001,3169261,2648040,2170347,2167096,2390681,2357652,2873850,4379659
2025-02-25,8724080,8873884,7237009,4819727,5306372,3308777,3296287,4009517,2700422,2751910,3029382,3326673,4721328
2025-02-26,8074547,6320550,4261707,4151790,3274935,2830438,3506305,3541512,3790977,3644857,2813445,3304732,4795938
2025-02-27,10233347,8018937,5162752,4279247,3262677,3256116,2599369,2725430,2344562,3818975,5700042,6420509,6715310
2025-02-28,10327657,8084812,5503356,4922099,3793320,3045614,4385830,4500277,3552823,3419729,3797449,4381673,6800946
2025-03-03,8967718,5961484,4368182,3276642,3158676,2214196,3000193,4594651,3717807,2714195,3840753,6806723,6976103
2025-03-04,9993310,8997059,6819927,5152083,5021303,4392331,3878274,3788136,3496723,4358738,3342567,4345703,5749512
2025-03-05,6860857,6095024,4236484,3876008,3705313,3825272,3678221,3196453,2822011,4190291,3047314,3743425,4525270
2025-03-06,8578565,6215474,4593816,3891878,4117156,4978100,4040288,3093224,3493541,3756488,5065423,4207705,5337126
2025-03-07,8605833,5838740,6956922,4262944,6401958,4890917,5686815,4228252,3759891,4426776,4119009,4363040,5742333
2025-03-10,8236109,7057970,6341430,4784288,4359663,3635365,3443581,4255494,4193372,4527034,4428268,6591041,5570748
2025-03-11,7762366,6059455,5942768,4630333,3866080,3399000,3355907,3701883,3588893,4125560,4839547,4051538,3979898
2025-03-12,8524127,5489041,5314224,4614177,3719869,3361750,3433234,2854705,3257015,2593303,2892448,3138044,4141621
2025-03-13,7596413,6477440,4358768,3745956,4495188,3382712,4085707,3586361,3585933,4311004,3783748,3898222,4576858
2025-03-14,9368985,6537982,5776518,5914534,5079574,3370702,3310111,3277454,3175783,2960157,3533211,3957315,5706899
2025-03-17,7634454,5401947,4235968,3704495,3440756,3217099,2605855,2408395,3077818,3534779,3750527,3402259,3885819
2025-03-18,7748680,5175823,3755792,3389047,2716255,2901004,2596565,2396069,2071863,2436721,2492764,2382375,3784983
2025-03-19,5683961,4571706,3332121,2943667,3124600,2486151,2148645,2149636,2342062,3315359,4930261,6777236,4722048
2025-03-20,6398606,5947453,4328899,3667568,3924363,3515554,3068690,2785225,2708190,2681041,3940628,3539687,6283390
2025-03-21,7927980,5831518,4284975,3852162,3223646,4227536,3688277,3097915,3204994,2703339,3169211,3521966,5631369
2025-03-24,9124472,6552052,4790242,4410760,2961459,3105600,2625777,2624634,2274708,2508948,3202068,3036940,4397016
2025-03-25,7004930,4760363,4389930,2777127,2984410,2475640,2344812,2424138,1987019,2362526,2252975,2484116,3947526
2025-03-26,7259564,6558595,4145391,3199609,3779428,3328274,3524989,3128781,3335077,2592718,2939664,2888735,3708971
2025-03-27,8353400,5069336,4891965,3474169,3816888,3037486,2888691,2715028,2541146,3035064,2979332,3251713,4036780
2025-03-28,7585158,8028635,7016797,4855055,3883772,3843527,3268091,3902108,3553328,3269127,3260453,3777865,5806723
2025-03-31,9913249,6289156,4140007,3874157,3186246,2820757,2263798,2595678,2205115,3622992,3261019,3338867,4623652
2025-04-01,5554828,5284895,4522846,4333502,3191270,3124442,2973826,1866086,1909099,3111734,2361531,2555828,3530272
2025-04-02,6024936,4079434,3548290,3751289,3464102,2832244,3366586,3420696,2981728,2462404,2521558,2338814,4236425
2025-04-03,11531228,8738461,6953718,6521059,4925629,4139044,3397802,2996668,2844170,4439708,4966082,5229307,6885939
2025-04-04,13662350,11725872,11397762,8962468,5864534,5360037,5279177,4985220,5213511,5284812,5992768,6306946,8129715
2025-04-07,12131497,8894291,5500832,4778168,3833228,3889695,2991157,3531279,3700232,3218545,3096371,3411951,4207539
2025-04-08,8090702,6765217,5299708,4987284,3601920,3562370,4783849,4363516,4350714,3239012,3612567,6007572,7026909
2025-04-09,7647346,5770947,5286706,4222093,3957918,3110712,3170140,7006565,8084588,8428702,6714529,6947054,8699140
2025-04-10,8336461,6751112,5233913,4589464,6122984,7115933,5363385,4102876,4034218,4127630,3605522,4828833,5260744
2025-04-11,7417379,6050241,4534023,4290218,4104439,3861555,5368879,3916274,4687353,3947450,3205987,4391483,5766881
2025-04-14,8653286,5235892,4387379,4196112,4465619,3566969,2800040,2619326,2330217,2276541,2662654,3274299,3825837
2025-04-15,6330570,6119071,3510940,3165019,2775320,2578597,2798372,2699478,2345349,2525276,2521468,2912636,3997777
2025-04-16,7340174,4981608,3581988,4090544,3029645,2754140,2534841,2728144,6057540,4061762,5089395,5300616,7030067
2025-04-17,6773210,5710939,5025743,4326503,3174813,3727711,3657691,2861413,2915523,3761378,3335932,3929666,4956733
2025-04-21,6797964,5338175,4215215,3338289,3310253,3183379,2725328,3020775,2461681,2536897,2281530,2895927,4121935
2025-04-22,6989523,4762958,3858117,3998960,3569211,4834914,3249805,3628682,2644350,2569114,2414771,2829892,4077507
2025-04-23,11544448,7324754,5498965,5317844,4349484,3219389,2915574,2459394,2581963,2503504,2532190,3152965,4344251
2025-04-24,6336956,5802561,4734129,4052014,2991198,3219268,3396610,2821108,2516015,3094965,3062094,3963472,4932710
2025-04-25,8328224,6776057,5454936,4225992,4018435,3360958,4085468,4334645,5279833,3156156,3093145,3501576,4997018
2025-04-28,7819096,5103414,3848642,4422116,3014140,2955136,2195947,2189266,2261579,2129128,2141720,2974077,4008726
2025-04-29,5813381,4914920,4018100,3079681,2582718,2520062,2832701,2258363,2978855,2819950,2244476,2863373,4028283
2025-04-30,8537622,5497496,3955743,3467287,2526149,2918160,2358456,2487456,2453903,3253994,2310996,2450223,5918612
2025-05-01,8178501,5969955,4762726,4753267,4598974,3320191,2692288,2595710,2300072,2619294,2445711,3242094,5146708
2025-05-02,9972915,6884111,5127414,4332031,3774090,5457017,3627775,3727631,2816131,2924853,4069388,4164051,5330490
2025-05-05,6498690,5137425,3909889,3042832,2529961,2357855,1912138,2087583,2117889,2061379,2418621,2909100,3906143
2025-05-06,7396746,5018868,3483433,2727463,2731799,3526012,2561826,2230666,2676411,2605242,2425065,2603341,4033131
2025-05-07,5874029,3974489,3979602,3554383,2929096,2330536,2631999,2044922,2597345,3707036,3679813,2987861,5499785
2025-05-08,7978399,5670382,4785071,4767013,7033223,4673013,3380582,3299326,2917396,3143123,3202914,4181426,6023545
2025-05-09,8523235,7272481,6164421,4201865,3288750,3261426,3190418,3126428,2953739,2584747,2722293,3635073,5267696
2025-05-12,13238856,7747721,6312580,4111201,3714346,3694874,3275816,3879206,2945139,2811859,3161386,3367626,4854255
2025-05-13,9347800,9264314,6218154,5255225,4570950,3927178,3793128,3341705,4105001,3329520,3355115,3839263,5610781
2025-05-14,10141563,6016460,4737305,4856361,4204166,3300568,3625076,4049038,2778158,2928453,3114721,3504857,5130598
2025-05-15,8184018,5789322,4776523,5058253,3709284,3410204,3354715,3249501,3042630,3478620,3705880,5058188,5252660
2025-05-16,8451137,6287169,6068083,3713938,3609021,3718623,3142055,3614822,3398809,3091789,3588699,4091923,6069952
2025-05-19,8667551,5609619,3443327,2871231,2736979,2421031,2629886,3017524,2232236,2564332,2115594,2627801,3554304
2025-05-20,7043219,4494888,3538325,2766084,2657802,2335897,2300897,2270962,2620897,3459408,3132092,3640028,3848432
2025-05-21,6938451,4665981,4347060,4646577,3276754,2813129,2730625,7124688,5462223,3934391,3426019,5369041,5071955
2025-05-22,7925316,6269387,4568349,3892264,3147341,3294877,2508004,2814314,2761779,2922026,3144657,3757139,5463029
2025-05-23,9273902,5942987,4345248,3725642,3372617,2993196,2703171,3360875,2803834,3380467,2556361,3705335,5224757
2025-05-27,8217705,6164915,4088329,3304858,2807677,2953684,3080548,2512700,2597489,2594667,2603372,2735314,4008139
2025-05-28,6788673,4529545,3430703,3134125,2416985,2191088,1896722,2244645,2016770,2311612,3129517,3383259,4625098
2025-05-29,9481835,6021813,3756371,3067082,3804930,3150065,2285598,2232363,2767376,2933010,3206642,3688820,4032581
2025-05-30,7565572,5663865,4473680,3655340,3564981,4611181,5992647,3388351,2567837,3627631,2837430,4413981,6336938
2025-06-02,7612998,5786296,3578465,2882353,2854127,2212076,2055887,2222241,1946583,2856388,2616844,2600697,3534201
2025-06-03,6262564,5239915,4107178,4288077,3348811,2810122,2780756,2181978,2561902,3553839,2493751,2747567,4051769
2025-06-04,7092193,6251968,4015765,3354640,2943254,2604637,2381015,2199721,2249762,2559838,2666249,2802544,4139753
2025-06-05,7959914,4913858,5283300,4267065,3328485,3595944,4655832,3315464,2670983,4138628,3868729,6797985,6779408
2025-06-06,11000725,5916607,4653245,5323480,3267705,2888110,3368583,2940558,2720808,3698188,3861543,4083969,5467880
2025-06-09,7758964,5171055,4436789,3169466,2718894,2520145,2957878,2776260,2503827,2336805,2854165,2856822,4579779
2025-06-10,6393620,4610204,3942973,3413223,3973726,2562161,2416303,2575755,2670322,2798632,3291275,3819594,4622546
2025-06-11,8206014,5423435,4363279,3773624,3121426,3782404,2337408,2500396,2925119,5264422,3759193,4160162,4921585
2025-06-12,7057446,4893018,3698495,4386382,2625772,3080158,2910875,2338499,2290086,2728735,3177353,4078732,4169207
2025-06-13,9263174,6695928,5543537,4514552,3678289,3336623,3397843,3521458,3057044,8237857,5624488,5302860,7059858
2025-06-16,9047874,5838112,4578768,4201730,2993437,2529539,2386615,2313516,2463815,2104063,2761061,4149572,4130915
2025-06-17,6940818,4478969,3592418,3242497,3040988,2438492,3306166,3442758,3795430,3376374,3852219,3617815,5318405
2025-06-18,5572834,5164533,3772244,2969621,3491480,2753222,2455182,2871030,2956556,3212234,4722835,6341669,5138037
2025-06-20,8914278,7373715,6278369,4756618,3950967,3137732,3215973,3416439,3607228,3093042,3275366,3691694,5686112
2025-06-23,7739194,6008748,4470986,3476314,3361087,3733426,5218100,3605712,3328457,2441166,2761745,3332902,4190432
2025-06-24,9573249,5758039,4681698,3821725,3512242,2801834,3213206,2943814,2517365,2721554,2770348,3315519,4823031
2025-06-25,9507611,5837119,4407970,3608294,2965617,2432634,2571255,2833997,3208754,2651008,2373574,3451080,4199002
2025-06-26,8444022,5680951,4754663,4143933,3134821,2871941,2699698,2740333,2813794,3437438,3512951,3351598,4899255
2025-06-27,9133550,7438342,5360537,4232236,4196754,3738821,3259424,2970929,4714558,3897091,5668615,4012192,5866372
2025-06-30,8107091,5420584,3945493,3687624,3795704,2979442,2642745,2240645,3241954,2600975,3233156,4483911,5769241
2025-07-01,7952826,5822659,5938126,5946874,3860892,4187075,3078245,2663238,2505696,2368925,2418976,3706918,3810704
2025-07-02,7444971,6221580,5511543,4318004,3471149,3039956,2974757,2718103,2580108,2576061,2924744,4341953,4974553
2025-07-03,10053316,7406640,5434029,4478613,4495359,4288091,6106967,708321,1,0,0,0,0
2025-07-07,8101133,5171727,4498318,3620107,2980003,4136041,2931412,2421923,2271944,3712852,2772902,2591437,3451797
2025-07-08,6971237,5389695,5316094,3611185,2633706,2644813,2651442,2657811,2096634,2299589,2243737,2859898,3614764
2025-07-09,8787054,5846044,5314860,3683433,2696543,2480378,2342289,2374943,2453488,2771570,2720493,3565686,4416227
2025-07-10,8043607,5962117,4560935,4142740,3312503,3229179,2535418,2917734,3017543,3094538,3078057,3553370,4861818
2025-07-11,9414260,6357598,5328514,4761163,4309141,3310598,2753970,2647083,3014217,3428650,3629063,4430088,5320342
2025-07-14,8943027,5746218,3866101,3617375,2769588,2436518,2332974,2385587,2368338,2027571,2363805,2718195,4293348
2025-07-15,9727035,6301253,5821592,4171557,3740557,3022537,3253143,3072384,2647195,2655705,3616375,3347327,4514311
2025-07-16,8164117,5472802,5228120,6071258,6725954,3143455,2857336,2779883,2519663,2592847,2993709,3257396,4843955
2025-07-17,9747805,7111884,4770435,4500657,3955841,3759310,3015161,3160831,3284601,3305778,3172934,4077368,6108937
2025-07-18,10408648,8488193,5445074,4864094,4126377,4137427,3965323,3328642,3272513,3604977,3351687,4105950,5955901
2025-07-21,9899880,6697480,4946062,3768722,3854501,4352237,2945762,2868527,2398819,2495384,3366222,4310981,5078720
2025-07-22,10984665,6212609,4723254,3450689,3195669,3100461,2440916,2717717,2542410,3051396,3290335,2845817,4156413
2025-07-23,9151281,6089052,4503597,3885686,4425463,3793947,2504189,2930713,3557624,3481392,3077832,3149514,5039462
2025-07-24,10027603,6539222,4907842,4502908,3260991,3894574,3345289,3229489,2539551,3076110,3430800,3500952,5527436
2025-07-25,8932271,6693773,5090703,4211683,3614160,4189857,3525362,3004015,2927188,3281630,2957027,3723206,5189038
2025-07-28,8185479,6213270,4007204,3940812,2651391,2554510,2092393,2623093,2351006,2941594,2317838,2496610,3821623
2025-07-29,9014872,5511164,4855571,4757713,5128285,3190679,2826896,2412969,2565678,2254690,2282134,2674801,4565351
2025-07-30,6747391,4541752,3705861,2963476,2769124,2217924,2225236,1902860,2782973,2917875,5573581,6319077,5373229
2025-07-31,10125904,5808872,5259704,5385782,3293793,3089125,2849499,3448887,4352029,5214354,3838757,4529620,6622565
2025-08-01,12973594,10899933,6569466,5532976,4540991,4100848,4137627,4124997,3696143,4504889,4536487,4049012,6248203
2025-08-04,8512964,5844301,4479333,3415241,3077089,2736997,2574801,2264044,2300913,2430095,2642811,3201182,4594419
2025-08-05,8179640,6519154,6110815,3889751,3257390,2736433,2864534,2166973,2622354,2851271,2878657,2890395,3959988
2025-08-06,8767550,6299966,5347586,4637775,4419789,3251692,2931961,2197725,2782731,2917672,3170863,3021328,4918902
2025-08-07,10345527,7486095,5244102,4705752,3793107,3644270,4163729,2874751,2918617,3557921,4222486,3799974,5083725
2025-08-08,10339457,7714224,5983759,4805822,4820384,4427881,3770797,3607678,3011403,3655496,3149159,3987426,5785214
2025-08-11,9580784,6280911,4564833,3680940,3609113,3880657,3047858,2372203,2851019,2734906,2879753,3057247,4886961
2025-08-12,10009698,7045934,4553904,4914926,3510455,3034413,3411853,2638831,2829150,3035805,3448715,3183697,5532671
2025-08-13,10804700,7392994,5501172,5304970,3638228,3030821,3292257,3080622,2641862,2840059,3084875,3980126,5603275
2025-08-14,9858979,5952865,5577182,5167367,4060250,3754522,3048024,3713227,2879301,3405204,3568743,4225938,6903264
2025-08-15,11057144,7335021,6073477,4976364,5065543,3898838,3670160,3336635,3293823,3601499,3337825,4160975,6574410
2025-08-18,8889300,5872212,4788850,3326103,2798590,2613024,2818745,2135600,2358246,2065567,2435268,2598294,3765871
2025-08-19,8409391,6346250,6566795,4520448,2933291,3001710,3924614,4091898,2534112,2620442,2886527,3539554,4404620
2025-08-20,10337051,8427665,6229415,5754998,4715832,3467452,2911819,2470982,2942179,3073028,2645958,3429051,4849556
2025-08-21,7460495,5978725,4360582,3723247,3096697,2739821,2560526,3009368,2711613,2371494,2349852,3350376,4616611
2025-08-22,7918682,13860741,8224394,6888478,4802430,4402589,3737082,4176666,3983248,3490522,3570684,4125933,6336194
2025-08-25,8443458,5849934,4752012,3844273,3217473,2582495,2419338,2642713,2423087,2480305,2205344,2737124,4146142
2025-08-26,7359757,5174870,3778008,3033855,2525940,2522441,2151537,2096329,2249569,2105004,2400196,3027481,4575463
2025-08-27,7170363,4849772,3808455,2843104,2805794,2775781,2731895,2301132,1982898,2705437,2321452,4185079,5345040
2025-08-28,9929884,6242252,4890829,4547398,3592897,3675737,3129781,2651831,2683936,2999598,3585293,3343686,5631426
2025-08-29,11111005,8917245,6053801,4322183,4405094,3671254,3044076,3694437,3541984,2990429,3121517,3726233,6337552
2025-09-02,9925500,6633888,4609692,4216841,4217452,2959116,2918722,2444380,2974620,2151307,2674073,2820546,4416253
2025-09-03,8656449,6212300,5104393,4153355,3315823,3078643,3185414,2633503,2975759,2763824,3063419,2638368,4830917
2025-09-04,8724896,6718691,4582369,4303200,3363388,2894868,2493803,2855718,3259243,3195045,3519739,4533584,6110151
2025-09-05,12342136,11269623,7621328,5602542,4586589,4647570,3465402,3188827,3268025,3556486,3421369,4528647,6039676
2025-09-08,9553126,6135141,5418838,3854663,3445568,2972119,3495002,2492142,2707439,2611355,2340000,3063179,4271593
2025-09-09,7808505,6360092,5741545,3427695,3327821,3306595,2275350,3013715,2789065,2790242,2973987,3600557,4859181
2025-09-10,11895901,7838710,6335232,5047883,3916600,3535293,2930543,3024267,2869357,3556338,4048881,4064454,4923350
2025-09-11,10705254,7538525,6333673,5949593,4744435,3713097,3344613,3451660,3439598,3668143,3309230,4019909,6144754
2025-09-12,10578347,8194667,6005988,5143080,4579989,4226547,3905032,3949151,3747155,3805746,4444184,6244685,8848665
2025-09-15,11024324,6812813,4829827,4479405,3888324,3333347,2980435,3030072,2775437,3134236,3237966,6369131,5734544
2025-09-16,9335756,6290978,4692226,4478683,3496052,3109809,3043971,3090483,2770342,2527871,3113000,3337124,5338928
2025-09-17,8327497,5636140,4600390,3888079,3367483,4080852,2980441,2517694,3170821,8090315,6224386,7506940,6159194
2025-09-18,12372733,9723519,6878532,5624340,5206008,4019751,4037627,3833737,4026309,4064091,5006618,4668418,9253598
2025-09-19,11359943,8152983,7475380,6103463,5167589,4958459,4794172,4186807,4006706,4046132,4353592,5686383,7827661
2025-09-22,11479102,7279597,5736544,4937987,4140809,5997802,5026984,4306965,3406321,3261100,3520255,4045518,5627265
2025-09-23,10981928,7190776,4984414,4083364,3448153,3679351,3435167,4507740,6825201,3646747,3621191,3673983,5026128
2025-09-24,9931736,6790209,4953119,4279925,5694174,5234787,2939217,3724317,3333435,2889246,2995812,3010170,4927858
2025-09-25,12401556,8189236,5209310,4939168,4240759,3376886,3196613,3823053,4659192,5614637,3902999,3627200,6228906
2025-09-26,10377592,8784356,5940029,5058264,4124831,4199840,3916909,3649400,3965360,4123901,3512426,3878623,5775721
2025-09-29,10647967,7011003,5193260,4787579,4020807,3430682,2773408,2968234,2922653,2819363,2875711,3732683,4498940
2025-09-30,9496231,6813377,5792992,4580705,3658552,3482597,2713302,3084559,3325750,2973880,3000931,4643955,5654016
2025-10-01,9658169,7060429,5927835,4974382,4736370,3539621,3081991,3911277,3129145,4085643,3662710,3787429,6105385
2025-10-02,12520031,7549069,6748271,4935227,4435007,3722583,3565482,3089045,3074072,3349735,3412512,3854472,6120190
2025-10-03,12244141,8671229,7450257,5815188,5254847,5316970,4428420,6628645,6967479,5736074,4106136,4401595,7497115
2025-10-06,12044520,7886882,5648741,4976359,4479278,4564426,3153067,3771315,3449855,3299224,3646162,4101698,5492537
2025-10-07,10198887,8366520,6471028,7819456,6952745,4541724,3618636,3900799,2827996,3261050,2801750,3112237,4765495
2025-10-08,9767042,7303875,5602883,4849151,4108706,3782612,3266621,3531677,3483070,4510342,3783372,4422640,6550469
2025-10-09,12172361,7324187,7341861,4849025,4477287,3725795,3983911,4353324,3614130,3387025,3920448,4403703,5920046
2025-10-10,12212027,8484729,7003845,13522560,11598221,5885743,6087492,7511446,5163853,4756697,5691425,6768383,11432019
2025-10-13,11616015,7717257,5427530,4655943,3786833,3869746,3485853,3428235,2871871,3643690,3828687,3492572,4772663
2025-10-14,11740740,7171693,5248414,4232662,4940228,4016660,4864339,3520407,3441129,3847726,3358611,3789840,7878482
2025-10-15,11299796,8140157,6124467,5214786,6883018,4138576,3853480,6929776,4460761,3069310,3231177,3646777,5497111
2025-10-16,10179057,7260395,6558401,5152917,5986522,5807967,6989970,5260673,3734066,6127512,5975010,5343665,6752751
2025-10-17,11508632,8650752,7057756,6238092,5546063,4987277,4892701,4316787,4474382,4799038,4688137,5382193,7881491
2025-10-20,9268427,7492355,5988538,4692813,3913557,3129821,2645012,3297698,2707359,3024169,3605357,3656687,4731487
2025-10-21,9710913,7077387,5342576,4673294,3676004,3222475,4045907,4051125,2995040,2980875,2711548,3475390,4809981
2025-10-22,9062668,7674804,7921559,5919602,4774524,3951568,5340273,4020533,1957072,3347010,2997718,3854465,4929328
2025-10-23,9598922,6532620,5334575,4155867,4537131,3944192,3598619,3699302,4009397,3424636,3862875,3824143,5659727
2025-10-24,13818782,8663565,6717490,5467367,4863686,3806798,4160065,3340683,3528069,3771828,4730563,5876375,7640210
2025-10-27,11795183,8368622,5412041,5028357,3935250,3432766,3155971,3287480,3300849,2720639,3280919,3857576,5936671
2025-10-28,10261016,6178356,5414674,4048118,4031555,3802368,4576880,4215328,3886449,4172883,3713051,4474639,5967754
2025-10-29,9390639,5866186,4564294,4219191,3593758,3201651,3392824,2517171,3049449,3293386,7205676,4891438,5914028
2025-10-30,11453226,7016885,5257625,4840261,4288578,3762504,3139630,3172424,3153355,3943325,4071821,4967145,6416419
2025-10-31,9773888,6806215,5739717,4711679,5363953,5357597,4072062,4439664,3807410,3593670,4425014,4514279,6592858
2025-11-03,10205890,7340151,5670597,3683971,3413137,3235984,2757985,2806509,2527223,2884045,2977791,3380221,4770153
2025-11-04,12531939,6415736,4888002,4322729,3286271,4432372,3448621,3504870,4362413,3016576,3779466,3821957,5417789
2025-11-05,9260486,6683222,4830371,4419666,4752430,3475067,3370469,2850758,3149871,3232627,3031248,3527388,5574940
2025-11-06,9950960,7977859,7288000,5288178,5497260,4435999,4224997,3465746,3646583,3671963,4529405,4953663,6847256
2025-11-07,12912320,8091285,7190263,6626007,5297666,5448841,4295782,3920510,4408989,3937705,6429480,5647075,6432529
2025-11-10,11533187,6582186,5779078,4756505,3516988,3591771,3566799,3179800,3348632,2890429,3270588,3703735,4846290
2025-11-11,8095226,5781382,4624652,4580777,3212888,3330563,2821363,3410329,2958743,2555384,2767468,3022352,4909537
2025-11-12,9350297,6694413,5989842,5150316,4105777,3224229,3612250,2744415,2574492,3020166,2890668,3449082,5575946
2025-11-13,10628155,7304382,7418838,5712433,4655641,3818919,4383183,4774840,6202100,5001793,5438865,4676592,6703171
2025-11-14,12898886,7833876,6884508,5495926,4690189,3780164,4378040,4286987,3705192,3396454,3450607,4754047,6214181
2025-11-17,8799170,6292272,4251485,5136009,4030057,2960355,3318331,3340720,3954691,4259630,5424292,5704491,5469291
2025-11-18,9275236,8528352,5077999,5687270,4292218,3326552,4255101,3427799,3191216,2452918,3305306,3293732,4748607
2025-11-19,8211396,6666386,5525588,4636349,3922610,3820741,3891675,2719147,3136843,2685528,3579249,4010202,5003104
2025-11-20,11142046,7335415,6690536,8204791,7880094,7559542,6544892,5133518,4948707,5213507,4744234,5584520,9620998
2025-11-21,10312024,8244574,7940294,6419789,6977286,5948764,4284424,4616669,5665125,4841034,5633066,7820692,8826479
2025-11-24,9786316,6975894,5103786,5043980,3856436,3383625,3592572,3249330,3067613,3102091,3465482,3678527,4811361
2025-11-25,10626263,6662963,5775484,3940539,3827118,4118956,4538367,2594592,2652860,3153628,3373238,3442316,5727565
2025-11-26,10010343,6278791,5106679,4935740,4444682,3924906,3238098,4108157,3444055,3428470,3434159,3761641,5396834
2025-11-28,7673631,5884143,4932673,5256912,4360505,4141298,6215451,904187,0,0,0,0,0
2025-12-01,9667037,5965149,5086026,3978238,3519222,2945145,2869515,2552368,2303599,3771947,3196162,2744605,4142542
2025-12-02,8487835,6785964,5443357,5862229,4121623,3186498,3042305,2655566,2360727,2959319,3246824,2834497,4472768
2025-12-03,8070766,5782633,5042236,3706469,3844824,3598181,3283824,2764226,2984230,2778867,3094498,4029732,5122607
2025-12-04,9273769,7060229,5600605,4610396,3877943,3965234,3001519,3063134,2690230,4738830,3847631,4305338,5227228
2025-12-05,9811860,7714609,6935894,6348548,4962369,3895255,3812564,3249810,2963513,3353369,3292298,3807248,5931158
2025-12-08,8408799,5930882,4674643,4339898,3322275,3219651,3093806,3228684,3213260,2595184,2456141,2386362,4056887
2025-12-09,6230894,4549249,4383438,4273336,3433744,3061819,2998979,2421884,2917585,2265934,2547223,2672419,4030024
2025-12-10,6229911,3640494,3843328,3178812,2488814,2389960,2151178,2046293,2527945,4610368,5883936,6289695,6260446
2025-12-11,10100367,7096676,5588360,3936957,4591201,3682129,3191887,3629824,3336585,3489135,3897651,7934449,5588165
2025-12-12,10618736,8768816,7431415,7961563,5829323,4880503,4082513,4174738,3565024,3676443,3431425,4799096,8077542
2025-12-15,9473244,7463166,6194984,4318577,4469646,2544606,3340484,2810795,2921091,2844681,3228260,7800718,15838524
2025-12-16,7898031,6697682,4926074,3630033,3285295,3258084,3351858,3141222,3383649,2934227,3234731,3175663,5794671
2025-12-17,8468865,5774028,7225698,5332853,4308419,3542164,2921515,2893752,3665149,3702226,3816397,3924597,5914378
2025-12-18,9697748,7204283,6147003,4325684,3375231,5818698,3800861,2896786,3259191,3392531,5595276,6300631,8892263
2025-12-19,9889292,7322881,5860332,5215588,4866054,4477384,4548179,3236462,3728920,4529812,4944233,6147363,10457629
2025-12-22,9750939,6460564,5088856,4571294,3260400,2907712,2850566,2450358,2190307,2555602,2376509,3051875,4587844
2025-12-23,7820206,5766849,4188907,3674537,3323059,2771843,2469790,2659212,2084885,2217294,2676001,2661450,4560996
2025-12-24,6539939,4806439,3253191,3661353,4637895,3723024,3948943,532972,0,0,0,0,0
2025-12-26,8127529,6103930,4463705,3706845,2914374,2948636,2300601,2547986,2523390,2287183,2756688,3194411,5241629
2025-12-29,8065855,5280382,4225984,3056822,2584070,2751926,2121831,2286866,2010229,1999293,2687425,3780183,4216440
2025-12-30,6671459,4418876,3441223,3221294,2602162,2198530,2062974,1933830,2393878,1834913,3176589,3223834,4584013
2025-12-31,6385571,4419881,3570676,2916442,2792190,2205582,2062724,2083491,2364909,2280099,4354790,5921559,6494905
2026-01-02,10036156,8014152,6881761,5367648,3826181,3432438,3150251,2916510,3068271,3706142,4000078,3279231,4866733
2026-01-05,10819773,6876374,5658717,4203981,4608710,4016786,3092929,3211663,2674207,2818486,3567677,4263446,4500640
2026-01-06,9703312,6566695,5976441,4774740,3856744,4646868,3564517,3050973,3685492,3488017,2974035,4639641,4849014
2026-01-07,8676385,6655230,5704865,3816021,4028434,3489328,3309683,2973303,2911584,3146835,2755492,4204896,4601706
2026-01-08,9566010,6420431,5471353,3816057,3936167,3247496,3359203,3320279,2758320,3424420,3444282,5197084,5977989
2026-01-09,9804128,9306957,6755101,5324951,4277622,3965974,3512007,3872297,4358517,3877073,3825578,4457145,5889222
2026-01-12,9860211,6371986,5095300,4652998,3972256,3399775,2725441,3085928,2796149,3412213,3111290,3851751,4839170
2026-01-13,9542748,7610536,5484633,4348100,4292221,3263403,3323621,3322374,3122694,2967545,3960500,3620585,5680083
2026-01-14,10245684,7711699,6500249,5769170,4862738,3862884,3370524,2987840,3782402,3619875,4035581,4887180,6623743
2026-01-15,10294610,7046469,6417743,4721640,3791154,3488925,3415522,2907767,3117125,3990811,6295708,6633483,9983273
2026-01-16,10606349,8326626,7165374,5736287,6267520,4130328,4294553,4053810,4525525,4235830,3774268,4418921,7966668
2026-01-20,12258445,7437192,5567641,5089473,4094572,3116113,4119485,3009414,4344198,3506125,4108855,3739158,5200922
2026-01-21,9904098,6859187,6649301,5653649,6607008,5312307,3685256,3412496,2903138,3830500,7497532,4769933,4884729
2026-01-22,10495749,6406676,5607912,4463875,3808472,3477386,4104689,3725203,3327763,3425993,4140304,5054330,6228047
2026-01-23,10400828,8082747,6070976,5345410,5211228,4028659,5168759,3838390,3415601,3755717,3693191,4353798,6331407
2026-01-26,10501295,7056003,5787043,4347861,3475196,3551897,3143918,3399607,3426389,3329089,3008594,3148232,4599026
2026-01-27,8832121,6611978,5123877,4948997,3867319,3502080,2758727,3187027,2749063,2828604,2473670,3710489,4874832
2026-01-28,8860956,6156550,4401424,3419212,3573598,3013467,2795220,2351463,3309933,3542204,3850778,3669235,5873331
2026-01-29,11075832,10110035,8738919,6485820,4217269,4865415,4049809,3547056,3090634,3551586,4677770,5272568,7384754
2026-01-30,10747393,7947173,7430692,6044760,5785695,5628933,4581307,6423524,5522502,4781548,4419130,5243828,6990697
2026-02-02,10670585,7475795,5834525,4980569,3717752,3796104,3095098,3349244,3442461,2849943,3863163,3912073,4856373
2026-02-03,10048965,8418677,6098059,4548594,4241788,4829134,5003610,4284398,4173178,5705020,3861106,4055239,5578351
2026-02-04,10009194,8125976,6247866,5743191,6293194,4727678,5873087,4733270,4219369,3856031,4874010,4090065,5424042
2026-02-05,10455459,9269628,7298099,5533518,5463121,4354168,3922576,3492730,3947093,4510722,4108230,6611489,9895000
2026-02-06,12351455,8373664,6393364,5945195,4924193,4564074,5065490,4135191,3396615,3983505,3943473,4731551,7169862
2026-02-09,9317251,6651822,5999239,4342752,4179669,3863649,3186693,3469065,2570223,3146760,3231289,3824645,4885119
2026-02-10,8379592,6208323,4534941,4039969,3456628,2955817,2622457,3409432,3260291,2847508,2531879,3649170,4908034
2026-02-11,9654541,9635902,6576999,4408472,4055945,3434663,3006874,3398817,2684064,3932231,3262610,3972637,6182340
2026-02-12,9433479,6579928,6793919,8598138,7156544,4485173,3943666,3939315,3603906,4214244,3690097,9237339,8527143
2026-02-13,10543175,6993125,6657458,4996979,4041777,4023415,3535041,3624366,3458912,3440390,3836771,5919162,8545401
2026-02-17,9876440,7183640,5604431,5328346,3627857,3160121,3209280,2963383,3644640,2620959,3166218,3575879,4856267
2026-02-18,8236049,7809752,5068759,4108581,3551212,2961731,2583705,3001354,3687005,2943274,4477003,4088648,5274269
2026-02-19,8276589,5596528,4414406,4105903,3924828,3129708,3141696,3312708,3018380,2863930,4565696,7597999,6875384
2026-02-20,9033602,8876183,6539351,6014810,4770424,5570054,4248820,3613590,4886086,3923884,3620020,4431097,6328476
2026-02-23,9735744,7119052,5874386,6273685,3729864,2907209,3906762,3529415,3345860,2766450,3294806,3667608,4988902
2026-02-24,8772232,6494533,4914070,3854164,3947162,3332337,2730677,2705651,2826382,2900018,2727896,3154841,4641135
2026-02-25,9387210,6734634,5476402,3868801,4124223,3165898,2910071,2626053,2568680,2995246,3367318,3918163,5717386
2026-02-26,9783320,9366329,6930188,4445588,4170247,3234898,3484889,3574381,3870869,4235201,3367626,5381483,6740809
2026-02-27,10961415,8011636,6354999,5228281,5216255,5108135,4136412,3964987,3772744,4300081,4087735,5810660,7164026
2026-03-02,10673447,8459243,5579560,5790855,5161291,3661998,3046716,2933745,3075644,3743420,3216342,5042584,4522276
2026-03-03,10301683,8117870,6223674,6157874,4682805,3533169,3248055,3773429,4204996,3459731,4516339,3662418,4553160
2026-03-04,8520586,7921076,5912038,5041790,4123158,3202513,3235800,3038281,3557534,2988510,2949967,4142352,5192061
2026-03-05,9197710,8005933,6297633,5650256,3697033,4789990,5826610,4398172,3351464,3714698,3730931,5797242,8475283
2026-03-06,10989326,8535043,7237868,4690632,5069560,4375380,4224441,4183049,3809334,3697256,4213150,6473276,7916810
2026-03-09,10264076,8345829,5967002,5223691,4277755,4205459,3879387,3657618,3008865,3104567,3314816,5283261,8046535
2026-03-10,7504355,6096914,6420809,4679992,3663360,3492857,2729420,3633342,3791454,5096752,3804666,3659668,5564341
2026-03-11,8275972,6882489,4871751,4995159,4353888,3414356,3131233,2908106,3865954,3089727,2870659,3157870,5328659
2026-03-12,9022599,6608738,6151497,4463822,4410446,4147845,3249886,3183096,3168727,4103479,3405496,6782762,7587725
2026-03-13,9763213,7160937,7490956,5448271,5470547,4506845,4008626,3379852,3763425,4156817,3967689,5114540,7346213
2026-03-16,9510182,6797832,6195905,4129173,3880175,3638554,3143334,3021455,2827989,3986436,3746107,5469534,5577102
2026-03-17,8152310,5986101,4347833,4387955,4125192,3362642,2582087,2426787,2756771,3094831,3380557,3752318,4919341
2026-03-18,7365363,5594880,4319932,3720752,2812274,2650444,2795121,2441682,2926617,3697602,4598363,4843538,6836858
2026-03-19,9848484,7431165,4852605,4807427,4228887,3519623,3450766,3594555,2953496,4956577,4987489,7883864,12963625
2026-03-20,9397624,7548656,6478781,5693979,4014859,4221489,4145093,3944564,4712948,5018350,5758566,6687400,9447780
2026-03-23,10352087,7694054,5028911,5293208,5895978,4382850,3461860,2908989,3531661,2856950,3818495,3408871,4166155
2026-03-24,7462704,6223586,5800641,4128033,3593507,3103237,2897112,3536544,3267816,2698034,3504002,2955369,4327100
2026-03-25,9248633,6659553,4812888,6122663,4186441,3167171,2788980,2740070,3097283,2532895,3193151,3417956,4075952
2026-03-26,8440027,5520310,6007838,3805109,4025632,3998220,4633163,3488492,4225175,4317951,4385235,5218130,5947758
2026-03-27,10594478,7472313,6194658,5302248,4816446,4482460,3748347,4605182,4737703,4820421,4378027,5341728,7959393
2026-03-30,9594684,5983994,5756868,5062626,4456069,3579926,3052673,4164299,3652343,3161251,3628645,5172829,5878445
2026-03-31,9279936,6409477,5756348,4744673,3036218,3246449,6568548,6046204,3944489,3029571,3558121,4052123,5802957
2026-04-01,9444457,6421014,6755509,5129140,4505877,4265730,3153324,3221466,3907220,5832260,4331051,4653190,5395147
2026-04-02,10461834,6889989,7008258,4923075,3856265,3988534,3275574,3123459,3621628,3029846,3201566,4159605,5690228
2026-04-06,8467322,6091486,4912289,3252382,3291393,2675065,2684639,3709635,2311143,3087871,2735269,2482127,3609215
2026-04-07,6981069,6226335,3847334,4146260,3181617,3861626,2727763,2497582,2998389,2350025,3613026,3885037,4925587
2026-04-08,15185636,8095935,7427701,4877918,4764440,4411768,3824926,3517155,3218146,4306359,4363860,4463451,4911297
2026-04-09,8408564,5866237,5203695,4826790,5681350,5858519,3912742,3514502,3484523,3974150,3314133,4218089,5144794
2026-04-10,9509830,7078078,6884866,5275326,5883053,4344011,4328116,3276927,3457707,3615279,3296463,4405409,6104790
2026-04-13,9080041,7068029,5357790,4333787,3445351,4092409,4746200,3367170,3113904,2707694,3471445,3824269,5930808
2026-04-14,11860009,9838022,6939181,5665950,5591892,5007486,4517380,3903820,4017850,4372020,3577461,4387419,5836392
2026-04-15,11187288,8168627,6514113,6174013,5377773,4821823,5697212,3389776,3421778,4353282,4685514,4712133,6973474
2026-04-16,12084097,7120161,5960181,6128461,5301437,4717128,4734036,4048928,3519438,3783007,4155386,3805892,6038085
2026-04-17,15119796,10168124,10436448,7703481,6091876,5530560,5468373,6507626,5020944,4801865,4507764,5275385,7186620
2026-04-20,10365028,6744383,6588091,5911584,3910408,3104236,3067576,2981314,2748301,3328059,3241389,3041857,4758471
2026-04-21,8702865,6713968,6503512,6587775,4027492,3522221,3482533,5102877,4070307,2968761,2869754,3611318,6152731
2026-04-22,9116255,7815116,5469987,4526000,4038718,3432373,3323823,3722536,2967957,2892563,3080034,3893191,5297806
2026-04-23,9661747,6999457,5756849,4827316,4750137,3627614,3195174,7190490,7243532,3951425,3480587,3327000,4890158
2026-04-24,11085215,7483012,7166943,6663717,6746127,4596940,4129527,3709815,4154231,3540948,3407827,5028730,6172773
2026-04-27,10930995,5902937,5135092,4426383,3454225,3486045,3352703,3788953,3531998,3271488,2874081,3159318,4481528
2026-04-28,8723152,6030259,6869873,3928556,3144353,2954194,2928258,2573518,3397861,2785932,2689635,3259971,3851779
2026-04-29,8399125,6014308,5102594,4378154,3969740,3387493,3453222,3051786,2717151,3250045,3409997,3882145,5064598
2026-04-30,10379652,7294502,6421852,5094356,4576906,3687200,3363529,3479512,4004927,4350783,4103362,4883658,5982099
2026-05-01,11410681,9746891,7617103,5512804,5802736,4630655,3978866,3897936,3782318,4080021,4196333,4442249,5946771
2026-05-04,9694618,7231730,6158801,7070689,4997871,4981003,3172427,3656473,2743321,3277621,2818910,3364246,4253207
2026-05-05,9763746,7965461,5872440,4313249,3584945,3727901,2917956,2932691,2912809,3217225,3474517,3470093,5079187
2026-05-06,12527794,8802203,6616988,5962177,5223238,4257993,4204772,3851286,3653809,4061935,4647067,4588811,6607149
2026-05-07,10855345,8011661,6627008,5440708,4939178,6777522,4246727,4909791,4139351,3403785,3831456,4643085,5750213
2026-05-08,11583490,8848966,6800945,5792979,5214239,4641257,4804818,4966234,4414372,4275962,4500832,4806477,6738696
2026-05-11,11147752,7819902,7131126,5748322,5181336,4261502,4660596,4102492,3857847,3846763,4249772,4500998,5200826
2026-05-12,9952683,7223477,6304154,6200258,4816976,3628876,4049108,4432013,3093593,3473014,3435065,3652406,5500018
2026-05-13,9519449,6426176,6279088,5615191,5383980,4966370,4157742,4181135,3746418,4347824,4197683,4357824,5688520
2026-05-14,10859130,7890708,6617950,5574775,5152922,5065717,4770056,5219243,3717735,4077852,3865811,5152830,6222988
2026-05-15,12722190,9112962,7034183,5916221,5799725,4620553,3781267,4455265,4329794,4787714,4503658,5385572,7805319
2026-05-18,10801198,7361190,7825279,4914263,4037494,4499600,4068695,3196799,3482088,4632442,3756581,4501375,4892807
2026-05-19,8857640,7895394,5769018,5005852,3953163,3407321,3632612,4177680,3380650,3297117,3235477,3224245,4068810
2026-05-20,8029087,6785160,5811551,4857581,4011407,3796053,3193347,2805298,2716978,2535398,2885939,3060640,5511089
2026-05-21,9210990,7729223,5103915,4517115,3759391,3320476,3025715,5016447,5175473,4113908,4469545,3687847,4902666
2026-05-22,11478347,8256924,6199769,5775760,4684565,4464058,3629801,4466907,4370835,3835004,3691221,5391085,6359687
2026-05-26,11855469,8264077,6773673,6012055,5342574,3855336,3500579,3058617,3075073,3391338,3435054,3609424,5175319
2026-05-27,10141574,7958316,5868089,4357724,4206382,3727782,4288774,3402297,2986096,3293866,3334999,3495711,4877717
2026-05-29,11903219,9969540,8462700,6586589,5009357,5150171,4428888,3910284,4525166,4099321,4636257,4688731,7606130
2026-06-01,11033747,7460223,6349349,5190198,5277257,4347321,4028975,3710041,5644263,4236055,3497041,3785337,5657385
2026-06-02,10090928,7809962,6063758,5039418,4089536,3645199,3332456,3264014,3141037,2942546,3160279,3566428,4973669
2026-06-03,10600099,7379372,5696887,4849142,4701137,4248965,4249159,3072924,3114657,3174880,3070343,3725834,5178761
2026-06-04,9736292,7570825,5437546,5624526,4668100,3983139,3545968,3668787,3605852,4076964,4272907,4454216,5408372
2026-06-05,11699863,9806163,6998582,6961964,7235001,7510568,7656526,5676872,5165731,7130530,8377978,8949358,8761553
2026-06-08,9413871,6641826,6192036,5435508,5000223,3947186,3666274,4640258,3945327,3428036,3603106,4833022,4680816
2026-06-09,8895735,8569156,7263351,6176083,6545909,7337114,6705675,5820173,5303902,4210549,4396385,5447737,5013243
2026-06-10,7608453,6147394,6492280,5975782,5202866,3693014,4055483,3790938,4337796,3980696,4596834,5373281,5800764
2026-06-11,7650632,6463535,5350381,4825991,3938930,3883530,3530169,4338564,6840053,4683364,4100975,5906697,7706606
2026-06-12,7690849,7651390,7113134,6373791,6174759,5155176,4099229,4550066,4722548,5222006,4767300,5846672,6240345
2026-06-15,11952433,8248635,6475833,5421825,5730232,4745892,4463741,4157917,3579891,3963729,3817526,4350815,5702346
2026-06-16,7898305,8160994,6751257,5379213,5219461,3993347,4237056,3149007,3775567,3156980,3279200,4966993,5323246
2026-06-17,7527220,6288193,6236781,4456927,3813160,3791903,3312712,3281602,3249031,6661321,6211683,8367656,8192953
2026-06-18,10080379,8612141,6792518,6027579,6138661,4994328,4707607,4709899,4180291,4414255,4453606,5281668,8022676
2026-06-22,9247238,8109098,7193969,5291513,4844763,4307831,3357807,3120126,3331278,3461503,3623023,3948868,4986085
2026-06-23,8622077,6353197,5380061,4884816,4110790,3822690,3037509,3169176,3504935,3404206,4649252,4130713,4743574
2026-06-24,7766300,6542103,6214520,5515813,4279370,3310030,4566727,5330439,5254136,4379967,4452794,4721061,5369489
2026-06-26,7976543,7558643,6412996,5726363,6626914,4693101,3867635,4240993,3703631,4100589,4731782,4916132,6485325
2026-06-29,8733907,8091986,6000678,4728575,4442720,4252047,3705484,4755201,3962335,3245085,3823418,4141474,5187523
2026-06-30,7153280,7342206,6163010,4781631,4548871,3568081,3628889,3279193,3135412,3424247,3254572,4312141,5595056
2026-07-01,8419603,7471367,7335039,6786866,4497635,3691651,3907291,4101416,3579764,3616375,3762010,4726956,5510114
2026-07-02,9799666,8867887,7838763,7101151,5768538,5079578,5635139,4782760,4930432,4762298,4202405,4880225,5914115
2026-07-06,8527277,6392901,5276973,5074063,4344468,3971829,3629532,3486219,4003988,3549965,3437899,3585594,4862405
2026-07-07,7703422,7364897,6240865,4431476,4045836,4606277,3553657,3322068,2526201,2597396,4108256,4962516,4719265
2026-07-08,7358270,6066981,6467824,5309435,4103420,4772329,4333293,4194826,4063153,3349076,3503677,3894760,4706549
2026-07-09,7792240,7301837,5022847,4480695,3608791,3680691,3040997,3983711,3110986,3338741,3193413,4212921,4901256
2026-07-10,8426076,7011043,6437660,5649347,5127383,4275451,3806142,3545866,3795995,3342073,3251039,4145940,5574592
2026-07-13,8107943,6735727,5534383,4348756,4005508,4324341,5087073,3353693,3503195,3449774,3439952,4225361,5199685
2026-07-14,7318278,6262386,5506619,5096984,4302637,3496974,3311129,3405827,2798190,2878246,2996929,3058651,4348279
2026-07-15,8532125,7952123,6171914,5079694,4450503,5757453,4664752,4004979,4435526,3872637,4035673,3544126,4870958
2026-07-16,7890117,6854344,5580458,5181105,4417211,5203340,4173928,3439357,4295123,4600724,5463434,5928169,6909074
2026-07-21,7434711,6734856,5164745,5069029,3558557,3713541,3395022,3290788,3165948,2981635,3862934,3155365,4706990
2026-07-23,9044151,6554683,6283065,6590379,5611241,4473213,3964359,3040989,3252522,3115173,3829078,3633223,5378043
2026-07-24,8159834,7376102,6595434,6676770,4592008,4472072,4146985,3738839,3306327,4262590,5560556,5019990,6132389
2026-07-27,9173205,7353717,6777514,5566552,4428423,4219677,3700528,3529783,3194065,3432499,3943035,4106246,4355805
2026-07-28,7790133,6509112,6469854,5462338,4861618,3752205,3531383,3227034,3107353,2871023,2848091,3467547,4238018
2026-07-29,6364931,6516495,5498396,4180137,3945701,4645190,3436233,4356678,3046592,5094773,5722115,5634848,6766856
2026-07-30,8973574,7467853,6523051,5524033,4192106,4178165,3569621,3807917,3261975,3192204,3481371,5718519,5539233
2026-07-31,10044657,8252545,6698394,5984934,5219445,4463997,4136217,4182298,4463494,4344261,4139135,5589510,7141184
2026-08-03,9616788,8353857,7068735,5963767,4750930,4233211,3842181,4372575,4261494,5297947,3943786,4506815,5852657
2026-08-14,8778862,7841603,5982605,5913609,4814024,4033357,3649847,3379036,3353337,3672583,3538646,4846527,5597715
2026-08-17,7949893,6171517,5588894,4962027,4663139,3593607,3364930,4331161,3858023,3680730,3134069,3863774,5276528
2026-08-18,8438168,6822265,5559131,4936562,4204666,3254606,2919454,2874679,2951712,3267396,2966297,3078656,5022090
2026-08-19,8259837,7707518,7434258,5892345,5063265,4645003,3883253,3577430,3166797,3962269,3509132,3683220,5777083
2026-08-20,8741473,7176859,5343657,5987190,4601970,3713581,3432259,3429222,3462765,4099960,4648959,3869222,5859428
2026-08-21,10241660,8425163,7595552,6348162,6637108,4918724,3944264,3781206,3622255,3852582,3981405,4650713,6438410
2026-08-24,9536305,6452935,5737896,4705094,4957727,3773063,3233303,3892537,3431208,3574605,3377100,3369345,4451968
2026-08-25,6960190,5655478,5061802,3970240,3865065,3235641,2968791,3117921,3639031,2735403,3282890,3354048,4462409
2026-08-26,7168861,5396636,4486790,4092215,3316565,2876337,2980404,2729616,2610792,2470975,2761036,3454764,4597885
2026-08-27,8944180,7125735,5862828,4775963,5104754,3882262,3939259,3876602,3448988,4593052,4154991,4087714,5705139
2026-08-28,8885037,8375879,7705265,6468751,7523455,6691032,4740733,4917168,3958947,4048425,3934081,4986913,5777786
2026-08-31,8421906,6764887,5198126,4401502,3728312,3564018,3197552,2915391,3480667,3055953,3976715,3522018,5332715
2026-09-01,8887520,6491610,5334688,4436399,4369657,4636097,4323362,3359110,2819739,3306543,5910570,3769875,4968049
2026-09-02,8180117,7755392,5901602,5243592,4497269,3581366,3198189,3298729,3125014,3162130,3232952,3504409,4652821
2026-09-03,9840341,7709383,6099043,7311163,5800292,3969423,3743762,3432993,4120434,4965316,4307024,4446099,5578406
2026-09-04,9990657,8175829,6940232,5832388,4688973,4547677,4418153,4040745,3934793,3518847,3650738,4538978,6259776
2026-09-08,9536107,6975684,5500263,5368712,4158499,4160021,3326545,3465767,2897846,2768201,4561825,3510632,4824817
2026-09-09,8685146,7421807,4959000,6987143,4494751,3516106,3407790,3371503,3009006,3313638,3405252,3913060,4808430
2026-09-10,9655874,7366117,5210902,4671988,4213374,3592889,4009984,3276200,3132618,3638010,4581045,4244110,5740940
2026-09-11,11003994,7900668,6508037,5483799,4449753,4176342,3751808,3467853,3194163,3836102,3559258,4300762,5909710
2026-09-14,10224725,7758024,5668011,5113017,6200328,4374215,4336980,3446081,3554930,3322153,3469400,4069184,5476089
2026-09-15,7050176,6571014,5883813,4313123,4134340,3462321,3166181,3374590,2987335,2862056,3577411,3242378,5369580
2026-09-16,7831278,5925554,4675776,4281859,3348885,2762056,2644344,2295036,3169766,4977477,6780661,8388228,7610053
2026-09-17,10204180,8336185,5958194,4934623,4078429,3707407,4111630,3602183,3021707,3381903,5517295,4182222,6184472
2026-09-18,10489488,9214024,6549343,5527696,4789678,4823755,4142811,3614877,3756522,4219101,5201866,4925612,7971031
2026-09-21,11096154,9016303,7393023,5946444,5534782,5461342,4927003,4582042,4481433,4471992,4935013,4806054,6891108
2026-09-22,9672770,7144421,6449533,4275513,4488712,3764020,3575485,3137637,3772327,3799912,3113620,3689696,5972275
2026-09-23,9219143,8778356,7133640,5023787,4663256,3616944,4816124,4772255,4296520,3395375,3208242,3971229,5488437
2026-09-24,8234529,6312478,5870216,5760696,4318330,5539496,5757878,4342093,3598766,4046485,3920324,3977332,4993483
2026-09-25,8737439,8460436,6172186,5444587,5648098,7162106,4368832,3432801,3499029,3835315,4106347,4579527,6501279
2026-09-28,8488391,6931618,7807627,6294897,4367011,5748683,4246638,4156670,2691961,2768819,3080626,4105373,5265580
2026-09-29,7172252,6489381,5454516,5667041,4588026,3289430,3890792,3264891,3171029,4029089,3562131,3166129,4361653
2026-09-30,8328950,7536963,5546718,4736237,4312344,3323544,3361578,3959980,3464916,3174970,3328552,3716790,6001386
2026-10-01,7643310,7142429,5942953,5613038,5074806,4079299,4379766,4896748,5715217,4312154,3533815,4416823,6488183
2026-10-02,11191642,8836371,7650416,8106014,5436989,4662404,3861138,4647473,4522558,3795646,3864658,4688708,6718477
2026-10-05,9324858,7947771,5725920,4676096,4318408,4189208,4577825,3923409,4055700,3777502,4188071,5535275,6304722
2026-10-06,9126136,7701432,6378315,5306495,4262027,3934973,3629885,4187637,3248189,3143404,2782892,3889288,4867188
